,total_purchase_amt,total_redeem_amt,mfd_daily_yield,mfd_7daily_yield,Interest_O_N,day_of_week
total_purchase_amt,1.0,0.7321178282121672,0.43513987038377594,0.42681418525815007,-0.2419256408356155,-0.2733498042753854
total_redeem_amt,0.7321178282121672,1.0,0.04780087433678023,0.041836165094838,-0.43224522228872125,-0.24126561191857673
mfd_daily_yield,0.43513987038377594,0.04780087433678023,1.0,0.9765055358012524,0.057973484491568666,-0.03944745660161504
mfd_7daily_yield,0.42681418525815007,0.041836165094838,0.9765055358012524,1.0,0.030428111110998284,-0.014509140561346459
Interest_O_N,-0.2419256408356155,-0.43224522228872125,0.057973484491568666,0.030428111110998284,1.0,-0.027012764817684495
day_of_week,-0.2733498042753854,-0.24126561191857673,-0.03944745660161504,-0.014509140561346459,-0.027012764817684495,1.0
